pokedex_number,name,name_japanese,choice1,choice2,choice3,generation,origin1,origin2,origin3,origin1_japanese,origin2_japanese,origin3_japanese,,,
1,Bulbasaur,フシギダネ,フシギソウ,フシギバナ,モルフォン,1,bulb,~saur,,球根,～トカゲ(ギリシャ語),,,1,151
2,Ivysaur,フシギソウ,フシギダネ,フシギバナ,ミュウ,1,ivy ,~saur,,ツタ,～トカゲ(ギリシャ語),,,2,100
3,Venusaur,フシギバナ,フシギダネ,フシギソウ,フリーザー,1,venus flytrap,~saur,,ハエトリグサ,～トカゲ(ギリシャ語),,,3,135
4,Charmander,ヒトカゲ,リザード,リザードン,シャワーズ,1,char,salamander,,焦がす,サラマンダー(火の中に住むとされる伝説のトカゲ),,,4,107
5,Charmeleon,リザード,ヒトカゲ,ゼニガメ,カブトプス,1,char,chameleon,,焦がす,カメレオン,,,5,156
6,Charizard,リザードン,ヒトカゲ,リザード,メタモン,1,char,lizard,,焦がす,トカゲ,,,6,72
7,Squirtle,ゼニガメ,カメール,カメックス,ジュゴン,1,squirt,turtle,,水が噴き出す,カメ,,,7,88
8,Wartortle,カメール,ゼニガメ,カメックス,ファイヤー,1,war,tortoise,turtle,戦争,リクガメ,カメ,,8,96
9,Blastoise,カメックス,ゼニガメ,カメール,ミニリュウ,1,blast,tortoise,,爆発,リクガメ,,,,
10,Caterpie,キャタピー,ビードル,フーディン,ルージュラ,1,caterpillar,,,いもむし,,,,,
11,Metapod,トランセル,コクーン,マルマイン,マンキー,1,metamorphosis,pod,,生物の変態,繭,,,,
12,Butterfree,バタフリー,ゴース,ドガース,サンダー,1,butterfly,free,,蝶,自由,,,,
13,Weedle,ビードル,キャタピー,ニドリーナ,ゴルバット,1,worm,needle,,いもむし,針,,,,
14,Kakuna,コクーン,トランセル,ヤドン,ポニータ,1,cocoon,,,繭,,,,,
15,Beedrill,スピアー,カラカラ,アズマオウ,コクーン,1,bee,drill,,蜂,ドリル,,,,
16,Pidgey,ポッポ,ピジョン,ピジョット,カラカラ,1,pigeon,,,ハト,,,,,
17,Pidgeotto,ピジョン,ポッポ,ピジョット,アーボック,1,pigeon,,,ハト,,,,,
18,Pidgeot,ピジョット,ポッポ,ピジョン,バタフリー,1,pigeon,,,ハト,,,,,
19,Rattata,コラッタ,ラッタ,ニョロモ,フシギバナ,1,rat,rat-a-tat,,ネズミ,トントン(ドアを叩く音),,,,
20,Raticate,ラッタ,コラッタ,カビゴン,イワーク,1,rat,eradicate,,ネズミ,全滅させる,,,,
21,Spearow,オニスズメ,ベトベトン,キャタピー,リザード,1,spear,sparrow,,槍,スズメ,,,,
22,Fearow,オニドリル,パラセクト,ギャラドス,ゲンガー,1,fear,sparrow,,恐れ,スズメ,,,,
23,Ekans,アーボ,マタドガス,コラッタ,ゴローニャ,1,snake,,,蛇,,,,,
24,Arbok,アーボック,アーボ,カブトプス,ブースター,1,cobra,,,コブラ,,,,,
25,Pikachu,ピカチュウ,ライチュウ,ピチュウ,ゴローン,1,pikapika,chu,,ピカピカ(日本語の擬音),チュー(日本語の擬音),,,,
26,Raichu,ライチュウ,ピカチュウ,ピチュウ,ケンタロス,1,rai,chu,,雷(日本語),チュー(日本語の擬音),,,,
27,Sandshrew,サンド,サンドパン,ウツボット,ガーディ,1,sand,shrew,,砂,トガリネズミ,,,,
28,Sandslash,サンドパン,サンド,ラッタ,フーディン,1,sand,slash,,砂,切りつける,,,,
29,Nidoran♀,ニドラン♀,ニドリーナ,ニドクイン,ニドラン♂,1,needle,rhino,♀,針,サイ,メス,,,
30,Nidorina,ニドリーナ,ニドラン♀,ニドラン♂,ニドリーノ,1,needle,rhino,~a,針,サイ,女性,,,
31,Nidoqueen,ニドクイン,ニドキング,ニドリーナ,ニドリーノ,1,needle,queen,,針,女王,,,,
32,Nidoran♂,ニドラン♂,ニドラン♀,ニドリーナ,ニドリーノ,1,needle,rhino,♂,針,サイ,オス,,,
33,Nidorino,ニドリーノ,ニドリーナ,ニドラン♂,ニドラン♀,1,needle,rhino,~o,針,サイ,男性,,,
34,Nidoking,ニドキング,ニドクイン,ニドリーナ,ニドリーノ,1,needle,king,,針,王,,,,
35,Clefairy,ピッピ,ピクシー,アーボック,オムスター,1,clef,fairy,,音部記号(ト音記号・ヘ音記号など),妖精,,,,
36,Clefable,ピクシー,ピッピ,ニョロボン,ニドラン♂,1,clef,fable,,音部記号(ト音記号・ヘ音記号など),寓話,,,,
37,Vulpix,ロコン,キュウコン,ビリリダマ,サイホーン,1,vulpine,six,,キツネの,6,,,,
38,Ninetales,キュウコン,ロコン,ライチュウ,タマタマ,1,nine,tales,,9,しっぽ,,,,
39,Jigglypuff,プリン,プクリン,ミニリュウ,ガラガラ,1,jiggle,puff,,揺らす,空気で膨らませる,,,,
40,Wigglytuff,プクリン,プリン,ジュゴン,ニャース,1,wiggle,tough,,ぴくぴく動く,タフな,,,,
41,Zubat,ズバット,ゴルバット,ルージュラ,ナッシー,1,zubatto,bat,,ズバッと(日本語の擬音),コウモリ,,,,
42,Golbat,ゴルバット,ズバット,ストライク,ニドリーノ,1,gollop,bat,,ゴクゴク飲む,コウモリ,,,,
43,Oddish,ナゾノクサ,クサイハナ,ラフレシア,ケーシィ,1,odd,radish,,変な,大根,,,,
44,Gloom,クサイハナ,ナゾノクサ,ラフレシア,スリープ,1,gloom,bloom,,憂鬱,開花,,,,
45,Vileplume,ラフレシア,ナゾノクサ,クサイハナ,ビリリダマ,1,vile,plume,,汚い,煙の柱,,,,
46,Paras,パラス,パラセクト,キングラー,ヒトデマン,1,parasite,,,寄生虫,,,,,
47,Parasect,パラセクト,パラス,ゼニガメ,ブーバー,1,parasite,insect,,寄生虫,虫,,,,
48,Venonat,コンパン,モルフォン,コダック,ポリゴン,1,venom,gnat,,毒,ブヨ,,,,
49,Venomoth,モルフォン,コンパン,ウインディ,カモネギ,1,venom,moth,,毒,蛾,,,,
50,Diglett,ディグダ,ダグトリオ,リザードン,クラブ,1,dig,~lett,,掘る,小さい,,,,
51,Dugtrio,ダグトリオ,ディグダ,サンダー,ピッピ,1,dug,trio,,掘られた,トリオ,,,,
52,Meowth,ニャース,ペルシアン,タマタマ,サンド,1,meow,,,ニャー(猫の鳴き声),,,,,
53,Persian,ペルシアン,ニャース,ポッポ,ベトベター,1,persian,,,ペルシャ猫,,,,,
54,Psyduck,コダック,ゴルダック,マダツボミ,ハクリュー,1,psychic,duck,,霊能力を持った,アヒル,,,,
55,Golduck,ゴルダック,コダック,ゴルバット,パルシェン,1,gold,duck,,金の,アヒル,,,,
56,Mankey,マンキー,オコリザル,ポリゴン,エビワラー,1,manky,monkey,,悪い,猿,,,,
57,Primeape,オコリザル,マンキー,コイル,プリン,1,prime,primate,ape,最高の,霊長類,類人猿,,,
58,Growlithe,ガーディ,ウインディ,バタフリー,ニドラン♀,1,growl,lithe,,ウー(犬の唸り声),身体が細い,,,,
59,Arcanine,ウインディ,ガーディ,ペルシアン,ゴースト,1,arcane,canine,,神秘の,イヌ,,,,
60,Poliwag,ニョロモ,ニョロゾ,ニョロボン,ラフレシア,1,polliwog,wag,,オタマジャクシ,尻尾を振る,,,,
61,Poliwhirl,ニョロゾ,ニョロモ,ニョロボン,キュウコン,1,polliwog,whirl,,オタマジャクシ,うずまき,,,,
62,Poliwrath,ニョロボン,ニョロモ,ニョロゾ,リザードン,1,polliwog,wrath,,オタマジャクシ,激怒,,,,
63,Abra,ケーシィ,ユンゲラー,フーディン,ゴルダック,1,abracadabra,,,アブラカダブラ(魔法の呪文),,,,,
64,Kadabra,ユンゲラー,ケーシィ,フーディン,ライチュウ,1,abracadabra,,,アブラカダブラ(魔法の呪文),,,,,
65,Alakazam,フーディン,ケーシィ,ユンゲラー,ストライク,1,alakazam,,,アラカザム(魔法の呪文),,,,,
66,Machop,ワンリキー,ゴーリキー,カイリキー,トサキント,1,macho,chop,,マッチョ,チョップ,,,,
67,Machoke,ゴーリキー,ワンリキー,カイリキー,ユンゲラー,1,macho,choke,,マッチョ,窒息させる,,,,
68,Machamp,カイリキー,ワンリキー,ゴーリキー,コラッタ,1,macho,champ,,マッチョ,チャンピオン,,,,
69,Bellsprout,マダツボミ,ウツドン,ウツボット,ロコン,1,bell,sprout,,ベル,芽,,,,
70,Weepinbell,ウツドン,マダツボミ,ウツボット,ヒトカゲ,1,weeping,bell,,泣いている,ベル,,,,
71,Victreebel,ウツボット,マダツボミ,ウツドン,カブト,1,victory,tree,bell,勝利,木,ベル,,,
72,Tentacool,メノクラゲ,ドククラゲ,フシギソウ,ニドキング,1,tentacle,cool,,触手,クール,,,,
73,Tentacruel,ドククラゲ,メノクラゲ,サイドン,マタドガス,1,tentacle,cruel,,触手,残酷な,,,,
74,Geodude,イシツブテ,ゴローン,ゴローニャ,ウツボット,1,geo~,dude,,地球の,野郎,,,,
75,Graveler,ゴローン,イシツブテ,ゴローン,プテラ,1,gravel,,,砂利,,,,,
76,Golem,ゴローニャ,イシツブテ,ゴローン,ビードル,1,golem,,,ゴーレム,,,,,
77,Ponyta,ポニータ,ギャロップ,ゴローン,スターミー,1,pony,ponytail,,ポニー,ポニーテール,,,,
78,Rapidash,ギャロップ,ポニータ,ミュウツー,ドククラゲ,1,rapid,ash,dash,素早い,灰,ダッシュ,,,
79,Slowpoke,ヤドン,ヤドラン,マンキー,ナゾノクサ,1,slow,slowpoke,,遅い,のろま,,,,
80,Slowbro,ヤドラン,ヤドン,リザード,カイロス,1,slow,bro,,遅い,兄弟,,,,
81,Magnemite,コイル,レアコイル,ジバコイル,ビリリダマ,1,magnet,mite,,磁石,小さいもの,,,,
82,Magneton,レアコイル,コイル,ジバコイル,ビリリダマ,1,magnet,ton,,磁石,トン(重さの単位),,,,
83,Farfetch'd,カモネギ,コイル,コンパン,ギャロップ,1,far-fetched,,,信じられない(直訳は遠くから持ってきた),,,,,
84,Doduo,ドードー,ドードリオ,ダグトリオ,ニョロモ,1,dodo,duo,,ドードー(絶滅した鳥),デュオ,,,,
85,Dodrio,ドードリオ,ドードー,フシギダネ,トランセル,1,dodo,trio,,ドードー(絶滅した鳥),トリオ,,,,
86,Seel,パウワウ,ジュゴン,パラセクト,ドードリオ,1,seal,,,アシカ,,,,,
87,Dewgong,ジュゴン,パウワウ,ドククラゲ,ラッキー,1,dugong,dew,,ジュゴン,しずく,,,,
88,Grimer,ベトベター,ベトベトン,ピカチュウ,シェルダー,1,grime,,,汚れ,,,,,
89,Muk,ベトベトン,ベトベター,カモネギ,ゴーリキー,1,muck,,,べとべとする汚れ,,,,,
90,Shellder,シェルダー,パルシェン,パウワウ,ニョロゾ,1,shell,shelter,,貝殻,シェルター,,,,
91,Cloyster,パルシェン,シェルダー,ニョロゾ,フシギダネ,1,clam,oyster,cloister,アサリ,カキ,修道院に閉じ込める,,,
92,Gastly,ゴース,ゴースト,ゲンガー,ポッポ,1,gas,ghastly,,ガス,恐ろしい,,,,
93,Haunter,ゴースト,ゴース,ゲンガー,パラセクト,1,haunter,,,取り憑く者,,,,,
94,Gengar,ゲンガー,ゴース,ゴースト,イーブイ,1,doppelganger,,,ドッペルゲンガー,,,,,
95,Onix,イワーク,ハガネール,ルージュラ,オニドリル,1,onyx,,,オニキス(黒い鉱石),,,,,
96,Drowzee,スリープ,スリーパー,ゲンガー,マルマイン,1,drowsy,zee,,眠気を誘う,眠り,,,,
97,Hypno,スリーパー,スリープ,スターミー,キャタピー,1,hypnosis,,,催眠術,,,,,
98,Krabby,クラブ,キングラー,ポニータ,ギャラドス,1,crab,crabby,,カニ,怒りっぽい,,,,
99,Kingler,キングラー,クラブ,ブーバー,ピカチュウ,1,king,fiddler crab,,王,シオマネキ(カニの一種),,,,
100,Voltorb,ビリリダマ,マルマイン,ニドラン♀,キングラー,1,volt,orb,,電圧の単位,球,,,,
101,Electrode,マルマイン,ビリリダマ,サイホーン,サンダース,1,electrode,explode,,電極,爆発する,,,,
102,Exeggcute,タマタマ,ナッシー,ヒトカゲ,イシツブテ,1,egg,execute,,たまご,処刑する,,,,
103,Exeggutor,ナッシー,タマタマ,ピクシー,ブースター,1,egg,executer,,たまご,処刑人,,,,
104,Cubone,カラカラ,ガラガラ,シードラ,ピクシー,1,cub,bone,,動物の赤ちゃん,骨,,,,
105,Marowak,ガラガラ,カラカラ,ニャース,ベロリンガ,1,marrow,whack,,骨髄,ぶったたく,,,,
106,Hitmonlee,サワムラー,エビワラー,プクリン,ラッタ,1,hit,monster,lee,たたく,モンスター,ブルースリー,,,
107,Hitmonchan,エビワラー,サワムラー,ミュウ,ゼニガメ,1,hit,monster,chan,たたく,モンスター,ジャッキーチェン,,,
108,Lickitung,ベロリンガ,ベロベルト,ラフレシア,ピジョン,1,lick,tongue,,なめる,舌,,,,
109,Koffing,ドガース,マタドガス,ゴーリキー,オニスズメ,1,coughing,,,咳をする,,,,,
110,Weezing,マタドガス,ドガース,シェルダー,サイドン,1,wheezing,,,ぜーぜー息をする,,,,,
111,Rhyhorn,サイホーン,サイドン,ディグダ,ラプラス,1,rhino,horn,,サイ,ツノ,,,,
112,Rhydon,サイドン,サイホーン,バリヤード,ペルシアン,1,rhino,don,,サイ,マフィアのボス,,,,
113,Chansey,ラッキー,ハピナス,ガラガラ,ニドリーナ,1,chance,,,チャンス,,,,,
114,Tangela,モンジャラ,モジャンボ,ビードル,コダック,1,tangle,,,からまる,,,,,
115,Kangaskhan,ガルーラ,ピジョット,プリン,ニドクイン,1,kangaroo,Genghis Khan,,カンガルー,チンギスハン,,,,
116,Horsea,タッツー,シードラ,シャワーズ,バリヤード,1,seahorse,horsie,,タツノオトシゴ,お馬さん,,,,
117,Seadra,シードラ,タッツー,ハクリュー,プクリン,1,sea,dragon,,海,ドラゴン,,,,
118,Goldeen,トサキント,アズマオウ,ナッシー,ヤドラン,1,goldfish,queen,,金魚,女王,,,,
119,Seaking,アズマオウ,トサキント,カイリキー,ワンリキー,1,sea,king,,海,王,,,,
120,Staryu,ヒトデマン,スターミー,ピジョン,レアコイル,1,starfish,you,,ヒトデ,あなた,,,,
121,Starmie,スターミー,ヒトデマン,イワーク,サンドパン,1,starfish,me,,ヒトデ,わたし,,,,
122,Mr. Mime,バリヤード,マネネ,タッツー,ウインディ,1,Mr.,mime,,ミスター,パントマイム,,,,
123,Scyther,ストライク,ルージュラ,マタドガス,タッツー,1,scythe,,,大鎌,,,,,
124,Jynx,ルージュラ,イワーク,ピジョット,サワムラー,1,jinx,,,呪い,,,,,
125,Electabuzz,エレブー,エレキッド,エレキブル,マルマイン,1,electrricity,buzz,,電気,ブンブン(電気の音),,,,
126,Magmar,ブーバー,ブーバーン,オコリザル,モンジャラ,1,magma,mar,,マグマ,台無しにする,,,,
127,Pinsir,カイロス,ケンタロス,コクーン,ヤドン,1,pincer,sir,,ペンチ,～様,,,,
128,Tauros,ケンタロス,カイロス,サンドパン,カメックス,1,Taurus,Minotaur,,牡羊座,ミノタウロス,,,,
129,Magikarp,コイキング,ギャラドス,ニドラン♂,フシギソウ,1,magic,carp,,魔法の,コイ,,,,
130,Gyarados,ギャラドス,コイキング,エビワラー,ゴース,1,gallant,gyre,,勇敢な,渦,,,,
131,Lapras,ラプラス,コイキング,メタモン,オムナイト,1,laplace,Pierre-Simon de Laplace,,フランス語でthe place,フランスの科学者,,,,
132,Ditto,メタモン,スリープ,ニドリーノ,ドードー,1,ditto,,,コピー,,,,,
133,Eevee,イーブイ,エレブー,ゴースト,ドガース,1,evolution,,,進化,,,,,
134,Vaporeon,シャワーズ,サンダース,ブースター,カイリキー,1,vapor,eon,,蒸発する,無限に長い年月,,,,
135,Jolteon,サンダース,シャワーズ,ブースター,メノクラゲ,1,jolt,eon,,がたがた揺れる,無限に長い年月,,,,
136,Flareon,ブースター,シャワーズ,サンダース,シードラ,1,flare,eon,,燃える,無限に長い年月,,,,
137,Porygon,ポリゴン,フシギダネ,ベロリンガ,ピジョット,1,polygon,,,多角形,,,,,
138,Omanyte,オムナイト,オムスター,イシツブテ,コンパン,1,ammonite,,,アンモナイト,,,,,
139,Omastar,オムスター,オムナイト,エレブー,スピアー,1,ammonite,star,,アンモナイト,星,,,,
140,Kabuto,カブト,カブトプス,ワンリキー,クサイハナ,1,kabuto,,,カブト,,,,,
141,Kabutops,カブトプス,カブト,ガルーラ,カビゴン,1,kabuto,tops,,カブト,最高の,,,,
142,Aerodactyl,プテラ,ニャース,トサキント,ミュウツー,1,aero~,pterodactyl,,空の～,プテロダクティルス(最古の翼竜),,,,
143,Snorlax,カビゴン,ファイヤー,コイキング,マダツボミ,1,snore,lax,,いびき,だらしない,,,,
144,Articuno,フリーザー,サンダー,ファイヤー,カメール,1,arctic,uno,,めっちゃ寒い,スペイン語で1,,,,
145,Zapdos,サンダー,フリーザー,ファイヤー,エレブー,1,zap,dos,,バチッ(静電気の音),スペイン語で2,,,,
146,Moltres,ファイヤー,フリーザー,サンダー,ベトベトン,1,molten,tres,,溶けた(meltの過去分詞形),スペイン語で3,,,,
147,Dratini,ミニリュウ,ハクリュー,カイリュー,パウワウ,1,dragon,tiny,,ドラゴン,ちっちゃな,,,,
148,Dragonair,ハクリュー,ミニリュウ,カイリュー,カイリュー,1,dragon,air,,ドラゴン,空,,,,
149,Dragonite,カイリュー,ミニリュウ,ハクリュー,パラス,1,dragon,knight,,ドラゴン,騎士,,,,
150,Mewtwo,ミュウツー,ミュウ,スリーパー,スリーパー,1,mew,two,,ニャー(猫の鳴き声),,,,,
151,Mew,ミュウ,ミュウツー,ウツドン,ニョロボン,1,mew,,,ニャー(猫の鳴き声),,,,,
152,Chikorita,チコリータ,ピィ,マンタイン,ヒマナッツ,2,,,,,,,,,
153,Bayleef,ベイリーフ,ヤドキング,ツボツボ,サニーゴ,2,,,,,,,,,
154,Meganium,メガニウム,ハリーセン,ヌオー,フォレトス,2,,,,,,,,,
155,Cyndaquil,ヒノアラシ,デリバード,ノコッチ,ウパー,2,,,,,,,,,
156,Quilava,マグマラシ,ブルー,デルビル,キングドラ,2,,,,,,,,,
157,Typhlosion,バクフーン,ネイティ,ランターン,ホーホー,2,,,,,,,,,
158,Totodile,ワニノコ,バルキー,フォレトス,ウリムー,2,,,,,,,,,
159,Croconaw,アリゲイツ,マリルリ,オーダイル,グランブル,2,,,,,,,,,
160,Feraligatr,オーダイル,マグマッグ,ハネッコ,エレキッド,2,,,,,,,,,
161,Sentret,オタチ,ププリン,バルキー,マンタイン,2,,,,,,,,,
162,Furret,オオタチ,ノコッチ,ニューラ,ブルー,2,,,,,,,,,
163,Hoothoot,ホーホー,ランターン,トゲチック,ウソッキー,2,,,,,,,,,
164,Noctowl,ヨルノズク,サニーゴ,レディアン,エーフィ,2,,,,,,,,,
165,Ledyba,レディバ,テッポウオ,エレキッド,アリアドス,2,,,,,,,,,
166,Ledian,レディアン,セレビィ,アンノーン,マグカルゴ,2,,,,,,,,,
167,Spinarak,イトマル,アリゲイツ,ホーホー,ヘラクロス,2,,,,,,,,,
168,Ariados,アリアドス,ウソッキー,ネイティ,マリル,2,,,,,,,,,
169,Crobat,クロバット,ホーホー,クロバット,キリンリキ,2,,,,,,,,,
170,Chinchou,チョンチー,エレキッド,ハリーセン,デンリュウ,2,,,,,,,,,
171,Lanturn,ランターン,キングドラ,レディバ,リングマ,2,,,,,,,,,
172,Pichu,ピチュー,ヒノアラシ,ウソッキー,ヤミカラス,2,,,,,,,,,
173,Cleffa,ピィ,モココ,イノムー,ランターン,2,,,,,,,,,
174,Igglybuff,ププリン,ハネッコ,マグマッグ,ライコウ,2,,,,,,,,,
175,Togepi,トゲピー,フォレトス,ワニノコ,アンノーン,2,,,,,,,,,
176,Togetic,トゲチック,オクタン,ヒノアラシ,ヌオー,2,,,,,,,,,
177,Natu,ネイティ,イノムー,エアームド,ヘルガー,2,,,,,,,,,
178,Xatu,ネイティオ,キレイハナ,ブラッキー,ハピナス,2,,,,,,,,,
179,Mareep,メリープ,グランブル,ヤミカラス,ハッサム,2,,,,,,,,,
180,Flaaffy,モココ,ハッサム,ヨーギラス,エンテイ,2,,,,,,,,,
181,Ampharos,デンリュウ,ヤンヤンマ,ププリン,バクフーン,2,,,,,,,,,
182,Bellossom,キレイハナ,レディバ,ピチュー,ソーナンス,2,,,,,,,,,
183,Marill,マリル,グライガー,ヤンヤンマ,サナギラス,2,,,,,,,,,
184,Azumarill,マリルリ,ワニノコ,バンギラス,ホウオウ,2,,,,,,,,,
185,Sudowoodo,ウソッキー,デルビル,ミルタンク,トゲピー,2,,,,,,,,,
186,Politoed,ニョロトノ,ドンファン,キマワリ,マグマッグ,2,,,,,,,,,
187,Hoppip,ハネッコ,リングマ,モココ,キマワリ,2,,,,,,,,,
188,Skiploom,ポポッコ,ピチュー,マリル,ノコッチ,2,,,,,,,,,
189,Jumpluff,ワタッコ,クロバット,オクタン,メリープ,2,,,,,,,,,
190,Aipom,エイパム,チコリータ,ムウマ,バンギラス,2,,,,,,,,,
191,Sunkern,ヒマナッツ,ニョロトノ,カポエラー,イノムー,2,,,,,,,,,
192,Sunflora,キマワリ,オオタチ,ブルー,ミルタンク,2,,,,,,,,,
193,Yanma,ヤンヤンマ,ソーナンス,ワタッコ,セレビィ,2,,,,,,,,,
194,Wooper,ウパー,ライコウ,スイクン,モココ,2,,,,,,,,,
195,Quagsire,ヌオー,ルギア,デリバード,ドーブル,2,,,,,,,,,
196,Espeon,エーフィ,アンノーン,ポリゴン2,マリルリ,2,,,,,,,,,
197,Umbreon,ブラッキー,マンタイン,セレビィ,ポポッコ,2,,,,,,,,,
198,Murkrow,ヤミカラス,ヨルノズク,ネイティオ,ピチュー,2,,,,,,,,,
199,Slowking,ヤドキング,エアームド,ドーブル,ワニノコ,2,,,,,,,,,
200,Misdreavus,ムウマ,ポポッコ,ウリムー,マグマラシ,2,,,,,,,,,
201,Unown,アンノーン,ミルタンク,チョンチー,ヒメグマ,2,,,,,,,,,
202,Wobbuffet,ソーナンス,オーダイル,サニーゴ,ポリゴン2,2,,,,,,,,,
203,Girafarig,キリンリキ,トゲチック,ウパー,ハネッコ,2,,,,,,,,,
204,Pineco,クヌギダマ,ヘラクロス,ニョロトノ,オーダイル,2,,,,,,,,,
205,Forretress,フォレトス,ムウマ,グライガー,ヨルノズク,2,,,,,,,,,
206,Dunsparce,ノコッチ,ホウオウ,ライコウ,ムチュール,2,,,,,,,,,
207,Gligar,グライガー,キリンリキ,ハピナス,トゲチック,2,,,,,,,,,
208,Steelix,ハガネール,マグカルゴ,トゲピー,ニョロトノ,2,,,,,,,,,
209,Snubbull,ブルー,ブラッキー,メガニウム,ルギア,2,,,,,,,,,
210,Granbull,グランブル,チョンチー,ベイリーフ,ヤドキング,2,,,,,,,,,
211,Qwilfish,ハリーセン,ドーブル,エイパム,ヨーギラス,2,,,,,,,,,
212,Scizor,ハッサム,メリープ,テッポウオ,ニューラ,2,,,,,,,,,
213,Shuckle,ツボツボ,ヒメグマ,イトマル,ブビィ,2,,,,,,,,,
214,Heracross,ヘラクロス,バクフーン,ヘルガー,ネイティオ,2,,,,,,,,,
215,Sneasel,ニューラ,スイクン,ポポッコ,ネイティ,2,,,,,,,,,
216,Teddiursa,ヒメグマ,ツボツボ,チコリータ,ハガネール,2,,,,,,,,,
217,Ursaring,リングマ,トゲピー,エーフィ,ププリン,2,,,,,,,,,
218,Slugma,マグマッグ,エンテイ,ゴマゾウ,ヒノアラシ,2,,,,,,,,,
219,Magcargo,マグカルゴ,カポエラー,ヤドキング,イトマル,2,,,,,,,,,
220,Swinub,ウリムー,キマワリ,サナギラス,ゴマゾウ,2,,,,,,,,,
221,Piloswine,イノムー,ニューラ,オタチ,オクタン,2,,,,,,,,,
222,Corsola,サニーゴ,ハガネール,ブビィ,エイパム,2,,,,,,,,,
223,Remoraid,テッポウオ,オドシシ,ソーナンス,スイクン,2,,,,,,,,,
224,Octillery,オクタン,ヌオー,キリンリキ,ワタッコ,2,,,,,,,,,
225,Delibird,デリバード,ワタッコ,オドシシ,ドンファン,2,,,,,,,,,
226,Mantine,マンタイン,ヤミカラス,ヒメグマ,ピィ,2,,,,,,,,,
227,Skarmory,エアームド,ブビィ,ヒマナッツ,アリゲイツ,2,,,,,,,,,
228,Houndour,デルビル,アリアドス,クヌギダマ,レディバ,2,,,,,,,,,
229,Houndoom,ヘルガー,ゴマゾウ,バクフーン,ベイリーフ,2,,,,,,,,,
230,Kingdra,キングドラ,イトマル,アリゲイツ,ヤンヤンマ,2,,,,,,,,,
231,Phanpy,ゴマゾウ,ネイティオ,マリルリ,デルビル,2,,,,,,,,,
232,Donphan,ドンファン,ヒマナッツ,キングドラ,ハリーセン,2,,,,,,,,,
233,Porygon2,ポリゴン2,レディアン,グランブル,チョンチー,2,,,,,,,,,
234,Stantler,オドシシ,ムチュール,オオタチ,オタチ,2,,,,,,,,,
235,Smeargle,ドーブル,エーフィ,ルギア,キレイハナ,2,,,,,,,,,
236,Tyrogue,バルキー,ハピナス,ハガネール,カポエラー,2,,,,,,,,,
237,Hitmontop,カポエラー,ポリゴン2,リングマ,ブラッキー,2,,,,,,,,,
238,Smoochum,ムチュール,ヨーギラス,ホウオウ,ツボツボ,2,,,,,,,,,
239,Elekid,エレキッド,サナギラス,エンテイ,チコリータ,2,,,,,,,,,
240,Magby,ブビィ,メガニウム,マグマラシ,レディアン,2,,,,,,,,,
241,Miltank,ミルタンク,ウパー,メリープ,エアームド,2,,,,,,,,,
242,Blissey,ハピナス,ヘルガー,マグカルゴ,オドシシ,2,,,,,,,,,
243,Raikou,ライコウ,オタチ,ヘラクロス,オオタチ,2,,,,,,,,,
244,Entei,エンテイ,マグマラシ,デンリュウ,テッポウオ,2,,,,,,,,,
245,Suicune,スイクン,クヌギダマ,ヨルノズク,バルキー,2,,,,,,,,,
246,Larvitar,ヨーギラス,デンリュウ,アリアドス,グライガー,2,,,,,,,,,
247,Pupitar,サナギラス,ベイリーフ,ドンファン,ムウマ,2,,,,,,,,,
248,Tyranitar,バンギラス,ウリムー,ピィ,デリバード,2,,,,,,,,,
249,Lugia,ルギア,マリル,ハッサム,クロバット,2,,,,,,,,,
250,Ho-Oh,ホウオウ,バンギラス,ムチュール,メガニウム,2,,,,,,,,,
251,Celebi,セレビィ,エイパム,キレイハナ,クヌギダマ,2,,,,,,,,,
252,Treecko,キモリ,アノプス,ゴニョニョ,チルタリス,3,,,,,,,,,
253,Grovyle,ジュプトル,バネブー,ハスブレロ,ハンテール,3,,,,,,,,,
254,Sceptile,ジュカイン,テッカニン,ライボルト,キャモメ,3,,,,,,,,,
255,Torchic,アチャモ,ヒンバス,ヤミラミ,カラサリス,3,,,,,,,,,
256,Combusken,ワカシャモ,メタング,ネンドール,ヘイガニ,3,,,,,,,,,
257,Blaziken,バシャーモ,ジュカイン,トドグラー,ユレイドル,3,,,,,,,,,
258,Mudkip,ミズゴロウ,ペリッパー,サボネア,ノクタス,3,,,,,,,,,
259,Marshtomp,ヌマクロー,ココドラ,ケッキング,ダンバル,3,,,,,,,,,
260,Swampert,ラグラージ,オニゴーリ,ラグラージ,コドラ,3,,,,,,,,,
261,Poochyena,ポチエナ,アメタマ,トロピウス,エネコロロ,3,,,,,,,,,
262,Mightyena,グラエナ,ジーランス,ドクケイル,アーマルド,3,,,,,,,,,
263,Zigzagoon,ジグザグマ,ケッキング,キモリ,キノココ,3,,,,,,,,,
264,Linoone,マッスグマ,ドジョッチ,チルット,ゴクリン,3,,,,,,,,,
265,Wurmple,ケムッソ,ラブカス,ダンバル,アゲハント,3,,,,,,,,,
266,Silcoon,カラサリス,レックウザ,ホエルコ,ノズパス,3,,,,,,,,,
267,Beautifly,アゲハント,アサナン,ジラーチ,キモリ,3,,,,,,,,,
268,Cascoon,マユルド,ドゴーム,ハスボー,ミロカロス,3,,,,,,,,,
269,Dustox,ドクケイル,ザングース,ビブラーバ,レジアイス,3,,,,,,,,,
270,Lotad,ハスボー,トロピウス,キノココ,ソルロック,3,,,,,,,,,
271,Lombre,ハスブレロ,フライゴン,ケムッソ,グラードン,3,,,,,,,,,
272,Ludicolo,ルンパッパ,タツベイ,ミズゴロウ,コノハナ,3,,,,,,,,,
273,Seedot,タネボー,パッチール,ココドラ,ハスブレロ,3,,,,,,,,,
274,Nuzleaf,コノハナ,アブソル,キバニア,ヒンバス,3,,,,,,,,,
275,Shiftry,ダーテング,ヨマワル,ヤルキモノ,カクレオン,3,,,,,,,,,
276,Taillow,スバメ,ジュプトル,チルタリス,ポチエナ,3,,,,,,,,,
277,Swellow,オオスバメ,チルタリス,ボーマンダ,ジーランス,3,,,,,,,,,
278,Wingull,キャモメ,クチート,ラティオス,メタグロス,3,,,,,,,,,
279,Pelipper,ペリッパー,アチャモ,キルリア,ドクケイル,3,,,,,,,,,
280,Ralts,ラルトス,コノハナ,ルナトーン,リリーラ,3,,,,,,,,,
281,Kirlia,キルリア,リリーラ,ドゴーム,ドジョッチ,3,,,,,,,,,
282,Gardevoir,サーナイト,キモリ,ハブネーク,サクラビス,3,,,,,,,,,
283,Surskit,アメタマ,ダーテング,レジアイス,キバニア,3,,,,,,,,,
284,Masquerain,アメモース,ユキワラシ,バルビート,ハスボー,3,,,,,,,,,
285,Shroomish,キノココ,ハブネーク,キャモメ,トドグラー,3,,,,,,,,,
286,Breloom,キノガッサ,ドンメル,マクノシタ,グラエナ,3,,,,,,,,,
287,Slakoth,ナマケロ,アゲハント,トドゼルガ,オニゴーリ,3,,,,,,,,,
288,Vigoroth,ヤルキモノ,バルビート,ソルロック,コモルー,3,,,,,,,,,
289,Slaking,ケッキング,グラエナ,ジーランス,シザリガー,3,,,,,,,,,
290,Nincada,ツチニン,ラティオス,オオスバメ,パッチール,3,,,,,,,,,
291,Ninjask,テッカニン,エネコロロ,ペリッパー,チリーン,3,,,,,,,,,
292,Shedinja,ヌケニン,マルノーム,バネブー,カゲボウズ,3,,,,,,,,,
293,Whismur,ゴニョニョ,サーナイト,カクレオン,ザングース,3,,,,,,,,,
294,Loudred,ドゴーム,ラティアス,グラエナ,デオキシス,3,,,,,,,,,
295,Exploud,バクオング,チリーン,プラスル,ミズゴロウ,3,,,,,,,,,
296,Makuhita,マクノシタ,ヤジロン,サクラビス,チルット,3,,,,,,,,,
297,Hariyama,ハリテヤマ,バクーダ,ホエルオー,サボネア,3,,,,,,,,,
298,Azurill,ルリリ,ホエルコ,エネコロロ,ライボルト,3,,,,,,,,,
299,Nosepass,ノズパス,マイナン,エネコ,バルビート,3,,,,,,,,,
300,Skitty,エネコ,ナックラー,ジュプトル,フライゴン,3,,,,,,,,,
301,Delcatty,エネコロロ,レジアイス,ジグザグマ,ケッキング,3,,,,,,,,,
302,Sableye,ヤミラミ,ジュペッタ,レジスチル,バクオング,3,,,,,,,,,
303,Mawile,クチート,ソルロック,クチート,サマヨール,3,,,,,,,,,
304,Aron,ココドラ,エネコ,ダーテング,ルンパッパ,3,,,,,,,,,
305,Lairon,コドラ,デオキシス,コータス,ビブラーバ,3,,,,,,,,,
306,Aggron,ボスゴドラ,キノココ,アノプス,トロピウス,3,,,,,,,,,
307,Meditite,アサナン,パールル,ゴクリン,バネブー,3,,,,,,,,,
308,Medicham,チャーレム,ミズゴロウ,カゲボウズ,キルリア,3,,,,,,,,,
309,Electrike,ラクライ,ツチニン,コモルー,チャーレム,3,,,,,,,,,
310,Manectric,ライボルト,コドラ,タツベイ,エネコ,3,,,,,,,,,
311,Plusle,プラスル,ミロカロス,ミロカロス,ボスゴドラ,3,,,,,,,,,
312,Minun,マイナン,レジロック,ノクタス,ジラーチ,3,,,,,,,,,
313,Volbeat,バルビート,ユレイドル,ラティアス,マクノシタ,3,,,,,,,,,
314,Illumise,イルミーゼ,ハンテール,ロゼリア,ナックラー,3,,,,,,,,,
315,Roselia,ロゼリア,マクノシタ,リリーラ,ボーマンダ,3,,,,,,,,,
316,Gulpin,ゴクリン,ラルトス,アサナン,ハリテヤマ,3,,,,,,,,,
317,Swalot,マルノーム,ゴニョニョ,パッチール,ルリリ,3,,,,,,,,,
318,Carvanha,キバニア,キルリア,イルミーゼ,ラブカス,3,,,,,,,,,
319,Sharpedo,サメハダー,ボーマンダ,ワカシャモ,サメハダー,3,,,,,,,,,
320,Wailmer,ホエルコ,チャーレム,ラクライ,ヌマクロー,3,,,,,,,,,
321,Wailord,ホエルオー,ブーピッグ,ドジョッチ,マルノーム,3,,,,,,,,,
322,Numel,ドンメル,チルット,サマヨール,クチート,3,,,,,,,,,
323,Camerupt,バクーダ,ケムッソ,レジロック,ラティオス,3,,,,,,,,,
324,Torkoal,コータス,ホエルオー,ツチニン,ブーピッグ,3,,,,,,,,,
325,Spoink,バネブー,サクラビス,ラブカス,レックウザ,3,,,,,,,,,
326,Grumpig,ブーピッグ,ヤミラミ,ルリリ,ラグラージ,3,,,,,,,,,
327,Spinda,パッチール,ハスボー,ブーピッグ,ホエルコ,3,,,,,,,,,
328,Trapinch,ナックラー,ロゼリア,スバメ,ホエルオー,3,,,,,,,,,
329,Vibrava,ビブラーバ,サボネア,ルンパッパ,サーナイト,3,,,,,,,,,
330,Flygon,フライゴン,マッスグマ,ナックラー,ケムッソ,3,,,,,,,,,
331,Cacnea,サボネア,タネボー,ラルトス,キノガッサ,3,,,,,,,,,
332,Cacturne,ノクタス,カゲボウズ,グラードン,オオスバメ,3,,,,,,,,,
333,Swablu,チルット,アーマルド,ジュカイン,メタング,3,,,,,,,,,
334,Altaria,チルタリス,シザリガー,アゲハント,イルミーゼ,3,,,,,,,,,
335,Zangoose,ザングース,カクレオン,チリーン,ジュプトル,3,,,,,,,,,
336,Seviper,ハブネーク,サマヨール,アメタマ,ヌケニン,3,,,,,,,,,
337,Lunatone,ルナトーン,ナマズン,サーナイト,マッスグマ,3,,,,,,,,,
338,Solrock,ソルロック,ノクタス,ポワルン,マイナン,3,,,,,,,,,
339,Barboach,ドジョッチ,ダンバル,ユレイドル,ゴニョニョ,3,,,,,,,,,
340,Whiscash,ナマズン,サメハダー,メタング,ハブネーク,3,,,,,,,,,
341,Corphish,ヘイガニ,トドグラー,チャーレム,ネンドール,3,,,,,,,,,
342,Crawdaunt,シザリガー,コモルー,ヘイガニ,アメタマ,3,,,,,,,,,
343,Baltoy,ヤジロン,ワカシャモ,アブソル,ペリッパー,3,,,,,,,,,
344,Claydol,ネンドール,バクオング,ジュペッタ,ヤミラミ,3,,,,,,,,,
345,Lileep,リリーラ,ルナトーン,ハリテヤマ,ジュペッタ,3,,,,,,,,,
346,Cradily,ユレイドル,キノガッサ,デオキシス,アメモース,3,,,,,,,,,
347,Anorith,アノプス,レジスチル,ナマケロ,ラルトス,3,,,,,,,,,
348,Armaldo,アーマルド,ネンドール,レックウザ,パールル,3,,,,,,,,,
349,Feebas,ヒンバス,ハスブレロ,マユルド,ワカシャモ,3,,,,,,,,,
350,Milotic,ミロカロス,ヤルキモノ,カラサリス,プラスル,3,,,,,,,,,
351,Castform,ポワルン,ラグラージ,ヤジロン,ジグザグマ,3,,,,,,,,,
352,Kecleon,カクレオン,グラードン,バクオング,タマザラシ,3,,,,,,,,,
353,Shuppet,カゲボウズ,カラサリス,アーマルド,バクーダ,3,,,,,,,,,
354,Banette,ジュペッタ,ルリリ,シザリガー,アチャモ,3,,,,,,,,,
355,Duskull,ヨマワル,ノズパス,フライゴン,バシャーモ,3,,,,,,,,,
356,Dusclops,サマヨール,バシャーモ,キノガッサ,タツベイ,3,,,,,,,,,
357,Tropius,トロピウス,ポワルン,ノズパス,アノプス,3,,,,,,,,,
358,Chimecho,チリーン,ジラーチ,ヌマクロー,カイオーガ,3,,,,,,,,,
359,Absol,アブソル,オオスバメ,ユキワラシ,テッカニン,3,,,,,,,,,
360,Wynaut,ソーナノ,ヌケニン,テッカニン,ツチニン,3,,,,,,,,,
361,Snorunt,ユキワラシ,イルミーゼ,タネボー,タネボー,3,,,,,,,,,
362,Glalie,オニゴーリ,トドゼルガ,アメモース,ナマズン,3,,,,,,,,,
363,Spheal,タマザラシ,タマザラシ,コノハナ,レジスチル,3,,,,,,,,,
364,Sealeo,トドグラー,ルンパッパ,タマザラシ,ナマケロ,3,,,,,,,,,
365,Walrein,トドゼルガ,ヌマクロー,ソーナノ,ココドラ,3,,,,,,,,,
366,Clamperl,パールル,アメモース,ポチエナ,ドンメル,3,,,,,,,,,
367,Huntail,ハンテール,ヘイガニ,バシャーモ,ルナトーン,3,,,,,,,,,
368,Gorebyss,サクラビス,ハリテヤマ,サメハダー,ユキワラシ,3,,,,,,,,,
369,Relicanth,ジーランス,プラスル,コドラ,マユルド,3,,,,,,,,,
370,Luvdisc,ラブカス,ゴクリン,バクーダ,ヨマワル,3,,,,,,,,,
371,Bagon,タツベイ,キバニア,ヌケニン,ソーナノ,3,,,,,,,,,
372,Shelgon,コモルー,ビブラーバ,ドンメル,ジュカイン,3,,,,,,,,,
373,Salamence,ボーマンダ,マユルド,アチャモ,ヤジロン,3,,,,,,,,,
374,Beldum,ダンバル,ボスゴドラ,カイオーガ,ラクライ,3,,,,,,,,,
375,Metang,メタング,ポチエナ,ヒンバス,ダーテング,3,,,,,,,,,
376,Metagross,メタグロス,ナマケロ,ボスゴドラ,ラティアス,3,,,,,,,,,
377,Regirock,レジロック,ライボルト,ハンテール,コータス,3,,,,,,,,,
378,Regice,レジアイス,キャモメ,ナマズン,ヤルキモノ,3,,,,,,,,,
379,Registeel,レジスチル,スバメ,マッスグマ,レジロック,3,,,,,,,,,
380,Latias,ラティアス,ソーナノ,ザングース,スバメ,3,,,,,,,,,
381,Latios,ラティオス,カイオーガ,マルノーム,アブソル,3,,,,,,,,,
382,Kyogre,カイオーガ,コータス,メタグロス,トドゼルガ,3,,,,,,,,,
383,Groudon,グラードン,メタグロス,オニゴーリ,ポワルン,3,,,,,,,,,
384,Rayquaza,レックウザ,ジグザグマ,ヨマワル,ロゼリア,3,,,,,,,,,
385,Jirachi,ジラーチ,ドクケイル,マイナン,ドゴーム,3,,,,,,,,,
386,Deoxys,デオキシス,ラクライ,パールル,アサナン,3,,,,,,,,,
387,Turtwig,ナエトル,スコルピ,ミミロップ,ヒードラン,4,,,,,,,,,
388,Grotle,ハヤシガメ,ムクバード,ミノマダム,ルカリオ,4,,,,,,,,,
389,Torterra,ドダイトス,カバルドン,ポリゴンZ,ロトム,4,,,,,,,,,
390,Chimchar,ヒコザル,マニューラ,ブニャット,エルレイド,4,,,,,,,,,
391,Monferno,モウカザル,ヒポポタス,ドクロッグ,フワライド,4,,,,,,,,,
392,Infernape,ゴウカザル,カラナクシ,ラムパルド,チェリンボ,4,,,,,,,,,
393,Piplup,ポッチャマ,トリデプス,ピンプク,ミノムッチ,4,,,,,,,,,
394,Prinplup,ポッタイシ,ウソハチ,ガブリアス,エムリット,4,,,,,,,,,
395,Empoleon,エンペルト,ガーメイル,ドーミラー,ブーバーン,4,,,,,,,,,
396,Starly,ムックル,フワンテ,ヨノワール,ユキメノコ,4,,,,,,,,,
397,Staravia,ムクバード,ダイノーズ,マスキッパ,ヒコザル,4,,,,,,,,,
398,Staraptor,ムクホーク,ダークライ,ポッチャマ,アグノム,4,,,,,,,,,
399,Bidoof,ビッパ,ロズレイド,マニューラ,ベロベルト,4,,,,,,,,,
400,Bibarel,ビーダル,ラムパルド,スコルピ,パルキア,4,,,,,,,,,
401,Kricketot,コロボーシ,マスキッパ,モジャンボ,トゲキッス,4,,,,,,,,,
402,Kricketune,コロトック,パチリス,ユキノオー,マネネ,4,,,,,,,,,
403,Shinx,コリンク,アグノム,グレッグル,コリンク,4,,,,,,,,,
404,Luxio,ルクシオ,ハヤシガメ,ドンカラス,ヨノワール,4,,,,,,,,,
405,Luxray,レントラー,ドーミラー,マナフィ,レントラー,4,,,,,,,,,
406,Budew,スボミー,シェイミ,レントラー,ドンカラス,4,,,,,,,,,
407,Roserade,ロズレイド,リーフィア,フワライド,アルセウス,4,,,,,,,,,
408,Cranidos,ズガイドス,グレイシア,アグノム,フワンテ,4,,,,,,,,,
409,Rampardos,ラムパルド,ズガイドス,ヒポポタス,ロズレイド,4,,,,,,,,,
410,Shieldon,タテトプス,トリトドン,トリデプス,ペラップ,4,,,,,,,,,
411,Bastiodon,トリデプス,エムリット,ブイゼル,スカンプー,4,,,,,,,,,
412,Burmy,ミノムッチ,ギラティナ,ロトム,シェイミ,4,,,,,,,,,
413,Wormadam,ミノマダム,ムックル,ゴンベ,ムックル,4,,,,,,,,,
414,Mothim,ガーメイル,タテトプス,クレセリア,ラムパルド,4,,,,,,,,,
415,Combee,ミツハニー,モウカザル,ミツハニー,ルクシオ,4,,,,,,,,,
416,Vespiquen,ビークイン,マナフィ,ギラティナ,ダークライ,4,,,,,,,,,
417,Pachirisu,パチリス,ビーダル,ドサイドン,メガヤンマ,4,,,,,,,,,
418,Buizel,ブイゼル,ブーバーン,ユキカブリ,ユキカブリ,4,,,,,,,,,
419,Floatzel,フローゼル,ムクホーク,ムクホーク,ビッパ,4,,,,,,,,,
420,Cherubi,チェリンボ,リーシャン,ペラップ,ネオラント,4,,,,,,,,,
421,Cherrim,チェリム,ムウマージ,ドータクン,ミノマダム,4,,,,,,,,,
422,Shellos,カラナクシ,チェリム,ズガイドス,ピンプク,4,,,,,,,,,
423,Gastrodon,トリトドン,エテボース,スカタンク,マナフィ,4,,,,,,,,,
424,Ambipom,エテボース,ミノムッチ,トゲキッス,グレッグル,4,,,,,,,,,
425,Drifloon,フワンテ,コリンク,フィオネ,リーシャン,4,,,,,,,,,
426,Drifblim,フワライド,スボミー,スカンプー,ブイゼル,4,,,,,,,,,
427,Buneary,ミミロル,モジャンボ,モウカザル,ムクバード,4,,,,,,,,,
428,Lopunny,ミミロップ,ドクロッグ,アルセウス,トリデプス,4,,,,,,,,,
429,Mismagius,ムウマージ,ビッパ,メガヤンマ,ヒポポタス,4,,,,,,,,,
430,Honchkrow,ドンカラス,エレキブル,ドダイトス,ゴンベ,4,,,,,,,,,
431,Glameow,ニャルマー,ペラップ,ウソハチ,ミミロップ,4,,,,,,,,,
432,Purugly,ブニャット,チェリンボ,ゴウカザル,リオル,4,,,,,,,,,
433,Chingling,リーシャン,トゲキッス,エンペルト,マンムー,4,,,,,,,,,
434,Stunky,スカンプー,タマンタ,フローゼル,ガブリアス,4,,,,,,,,,
435,Skuntank,スカタンク,ドサイドン,ポッタイシ,エンペルト,4,,,,,,,,,
436,Bronzor,ドーミラー,フカマル,エムリット,スボミー,4,,,,,,,,,
437,Bronzong,ドータクン,ユクシー,ジバコイル,ドクロッグ,4,,,,,,,,,
438,Bonsly,ウソハチ,ガバイト,ロズレイド,ミカルゲ,4,,,,,,,,,
439,Mime Jr.,マネネ,フィオネ,チェリム,ドーミラー,4,,,,,,,,,
440,Happiny,ピンプク,コロトック,レジギガス,ビーダル,4,,,,,,,,,
441,Chatot,ペラップ,ポッチャマ,エレキブル,ユクシー,4,,,,,,,,,
442,Spiritomb,ミカルゲ,メガヤンマ,コリンク,ダイノーズ,4,,,,,,,,,
443,Gible,フカマル,ジバコイル,ディアルガ,ディアルガ,4,,,,,,,,,
444,Gabite,ガバイト,ケイコウオ,ムクバード,ドダイトス,4,,,,,,,,,
445,Garchomp,ガブリアス,ポリゴンZ,ユキメノコ,ドータクン,4,,,,,,,,,
446,Munchlax,ゴンベ,ミノマダム,リーフィア,タテトプス,4,,,,,,,,,
447,Riolu,リオル,アルセウス,ナエトル,チェリム,4,,,,,,,,,
448,Lucario,ルカリオ,マンムー,ムックル,カラナクシ,4,,,,,,,,,
449,Hippopotas,ヒポポタス,スカタンク,ヒードラン,パチリス,4,,,,,,,,,
450,Hippowdon,カバルドン,スカンプー,ビッパ,フローゼル,4,,,,,,,,,
451,Skorupi,スコルピ,ブニャット,マネネ,リーフィア,4,,,,,,,,,
452,Drapion,ドラピオン,ミミロップ,コロボーシ,ニャルマー,4,,,,,,,,,
453,Croagunk,グレッグル,ルカリオ,ハヤシガメ,ゴウカザル,4,,,,,,,,,
454,Toxicroak,ドクロッグ,パルキア,タマンタ,タマンタ,4,,,,,,,,,
455,Carnivine,マスキッパ,ディアルガ,チェリンボ,ギラティナ,4,,,,,,,,,
456,Finneon,ケイコウオ,ネオラント,リオル,ポッタイシ,4,,,,,,,,,
457,Lumineon,ネオラント,ブイゼル,ビークイン,モジャンボ,4,,,,,,,,,
458,Mantyke,タマンタ,リオル,ミカルゲ,フカマル,4,,,,,,,,,
459,Snover,ユキカブリ,ミカルゲ,ドラピオン,グライオン,4,,,,,,,,,
460,Abomasnow,ユキノオー,ドータクン,リーシャン,モウカザル,4,,,,,,,,,
461,Weavile,マニューラ,レントラー,ルカリオ,グレイシア,4,,,,,,,,,
462,Magnezone,ジバコイル,フワライド,エルレイド,ユキノオー,4,,,,,,,,,
463,Lickilicky,ベロベルト,ベロベルト,パルキア,ウソハチ,4,,,,,,,,,
464,Rhyperior,ドサイドン,マネネ,スボミー,クレセリア,4,,,,,,,,,
465,Tangrowth,モジャンボ,クレセリア,パチリス,ミツハニー,4,,,,,,,,,
466,Electivire,エレキブル,ルクシオ,グレイシア,トリトドン,4,,,,,,,,,
467,Magmortar,ブーバーン,エルレイド,ベロベルト,コロボーシ,4,,,,,,,,,
468,Togekiss,トゲキッス,ビークイン,ルクシオ,ナエトル,4,,,,,,,,,
469,Yanmega,メガヤンマ,ユキメノコ,コロトック,ハヤシガメ,4,,,,,,,,,
470,Leafeon,リーフィア,ドダイトス,カラナクシ,ズガイドス,4,,,,,,,,,
471,Glaceon,グレイシア,ポッタイシ,ムウマージ,フィオネ,4,,,,,,,,,
472,Gliscor,グライオン,ユキカブリ,ミノムッチ,ビークイン,4,,,,,,,,,
473,Mamoswine,マンムー,グレッグル,タテトプス,マスキッパ,4,,,,,,,,,
474,Porygon-Z,ポリゴンZ,ゴンベ,フカマル,ドサイドン,4,,,,,,,,,
475,Gallade,エルレイド,グライオン,ダイノーズ,レジギガス,4,,,,,,,,,
476,Probopass,ダイノーズ,ニャルマー,ニャルマー,エレキブル,4,,,,,,,,,
477,Dusknoir,ヨノワール,エンペルト,ブーバーン,コロトック,4,,,,,,,,,
478,Froslass,ユキメノコ,ゴウカザル,マンムー,ムウマージ,4,,,,,,,,,
479,Rotom,ロトム,ロトム,ガーメイル,ムクホーク,4,,,,,,,,,
480,Uxie,ユクシー,ピンプク,ガバイト,ガバイト,4,,,,,,,,,
481,Mesprit,エムリット,ドラピオン,ダークライ,ジバコイル,4,,,,,,,,,
482,Azelf,アグノム,ユキノオー,トリトドン,スコルピ,4,,,,,,,,,
483,Dialga,ディアルガ,ドンカラス,フワンテ,スカタンク,4,,,,,,,,,
484,Palkia,パルキア,ヒコザル,グライオン,カバルドン,4,,,,,,,,,
485,Heatran,ヒードラン,ナエトル,シェイミ,ケイコウオ,4,,,,,,,,,
486,Regigigas,レジギガス,フローゼル,ミミロル,ポッチャマ,4,,,,,,,,,
487,Giratina,ギラティナ,ガブリアス,ユクシー,エテボース,4,,,,,,,,,
488,Cresselia,クレセリア,レジギガス,エテボース,マニューラ,4,,,,,,,,,
489,Phione,フィオネ,ヒードラン,ヒコザル,ミミロル,4,,,,,,,,,
490,Manaphy,マナフィ,ミミロル,ネオラント,ドラピオン,4,,,,,,,,,
491,Darkrai,ダークライ,ヨノワール,カバルドン,ポリゴンZ,4,,,,,,,,,
492,Shaymin,シェイミ,ミツハニー,ビーダル,ガーメイル,4,,,,,,,,,
493,Arceus,アルセウス,コロボーシ,ケイコウオ,ブニャット,4,,,,,,,,,
494,Victini,ビクティニ,ギガイアス,ウルガモス,ゴビット,5,,,,,,,,,
495,Snivy,ツタージャ,ユニラン,ウォーグル,キュレム,5,,,,,,,,,
496,Servine,ジャノビー,メグロコ,ビクティニ,デスマス,5,,,,,,,,,
497,Serperior,ジャローダ,エルフーン,オノノクス,メグロコ,5,,,,,,,,,
498,Tepig,ポカブ,バルジーナ,タブンネ,ランプラー,5,,,,,,,,,
499,Pignite,チャオブー,ダイケンキ,バチュル,ナットレイ,5,,,,,,,,,
500,Emboar,エンブオー,クマシュン,ドッコラー,エルフーン,5,,,,,,,,,
501,Oshawott,ミジュマル,ヤナッキー,ゴルーグ,ローブシン,5,,,,,,,,,
502,Dewott,フタチマル,チラーミィ,ジャローダ,ゴチム,5,,,,,,,,,
503,Samurott,ダイケンキ,ナットレイ,ワルビアル,コアルヒー,5,,,,,,,,,
504,Patrat,ミネズミ,プロトーガ,ペンドラー,ビリジオン,5,,,,,,,,,
505,Watchog,ミルホッグ,コバルオン,バスラオ,レシラム,5,,,,,,,,,
506,Lillipup,ヨーテリー,ギギアル,ハーデリア,ポカブ,5,,,,,,,,,
507,Herdier,ハーデリア,ダゲキ,プルリル,ゾロア,5,,,,,,,,,
508,Stoutland,ムーランド,アーケン,バニプッチ,アギルダー,5,,,,,,,,,
509,Purrloin,チョロネコ,ココロモリ,タマゲタケ,イワパレス,5,,,,,,,,,
510,Liepard,レパルダス,デスマス,レシラム,サザンドラ,5,,,,,,,,,
511,Pansage,ヤナップ,タブンネ,ゴチミル,ジャローダ,5,,,,,,,,,
512,Simisage,ヤナッキー,ランドロス,アギルダー,タマゲタケ,5,,,,,,,,,
513,Pansear,バオップ,ハハコモリ,ゴチルゼル,チャオブー,5,,,,,,,,,
514,Simisear,バオッキー,ジャローダ,ヒトモシ,ボルトロス,5,,,,,,,,,
515,Panpour,ヒヤップ,ジヘッド,カブルモ,シビシラス,5,,,,,,,,,
516,Simipour,ヒヤッキー,ドリュウズ,エンブオー,ズルッグ,5,,,,,,,,,
517,Munna,ムンナ,コマタナ,オーベム,クリムガン,5,,,,,,,,,
518,Musharna,ムシャーナ,エモンガ,チラーミィ,クルマユ,5,,,,,,,,,
519,Pidove,マメパト,ゴチム,ムンナ,マメパト,5,,,,,,,,,
520,Tranquill,ハトーボー,シビシラス,ボルトロス,ゴチルゼル,5,,,,,,,,,
521,Unfezant,ケンホロウ,ダブラン,チャオブー,オタマロ,5,,,,,,,,,
522,Blitzle,シママ,ブルンゲル,ビリジオン,ギギギアル,5,,,,,,,,,
523,Zebstrika,ゼブライカ,コジョフー,オタマロ,ゴチミル,5,,,,,,,,,
524,Roggenrola,ダンゴロ,オタマロ,クルミル,ハハコモリ,5,,,,,,,,,
525,Boldore,ガントル,オノンド,コジョフー,ミルホッグ,5,,,,,,,,,
526,Gigalith,ギガイアス,ドッコラー,ツタージャ,タブンネ,5,,,,,,,,,
527,Woobat,コロモリ,ガマゲロゲ,ヤナップ,バルチャイ,5,,,,,,,,,
528,Swoobat,ココロモリ,ゾロアーク,コジョンド,チョボマキ,5,,,,,,,,,
529,Drilbur,モグリュー,デスカーン,ランクルス,クルミル,5,,,,,,,,,
530,Excadrill,ドリュウズ,ヤブクロン,モンメン,マラカッチ,5,,,,,,,,,
531,Audino,タブンネ,ツンベアー,マメパト,マッギョ,5,,,,,,,,,
532,Timburr,ドッコラー,ゴチミル,ゴチム,ムンナ,5,,,,,,,,,
533,Gurdurr,ドテッコツ,ドテッコツ,ハハコモリ,チラチーノ,5,,,,,,,,,
534,Conkeldurr,ローブシン,ハトーボー,シビルドン,バスラオ,5,,,,,,,,,
535,Tympole,オタマロ,アギルダー,ゴビット,ムシャーナ,5,,,,,,,,,
536,Palpitoad,ガマガル,トルネロス,ダゲキ,コバルオン,5,,,,,,,,,
537,Seismitoad,ガマゲロゲ,リグレー,ブルンゲル,コロモリ,5,,,,,,,,,
538,Throh,ナゲキ,バニリッチ,ズルズキン,ヒヤッキー,5,,,,,,,,,
539,Sawk,ダゲキ,ホイーガ,ナットレイ,オノンド,5,,,,,,,,,
540,Sewaddle,クルミル,フシデ,ヒヤップ,メロエッタ,5,,,,,,,,,
541,Swadloon,クルマユ,サザンドラ,ミネズミ,ダイケンキ,5,,,,,,,,,
542,Leavanny,ハハコモリ,ワシボン,アーケン,モロバレル,5,,,,,,,,,
543,Venipede,フシデ,コアルヒー,ミジュマル,ハーデリア,5,,,,,,,,,
544,Whirlipede,ホイーガ,ナゲキ,ギギアル,コジョフー,5,,,,,,,,,
545,Scolipede,ペンドラー,ヒトモシ,ナゲキ,モグリュー,5,,,,,,,,,
546,Cottonee,モンメン,チャオブー,ケルディオ,バニリッチ,5,,,,,,,,,
547,Whimsicott,エルフーン,オノノクス,ムシャーナ,フタチマル,5,,,,,,,,,
548,Petilil,チュリネ,モロバレル,デスマス,オノノクス,5,,,,,,,,,
549,Lilligant,ドレディア,イシズマイ,コマタナ,ムーランド,5,,,,,,,,,
550,Basculin,バスラオ,イワパレス,ダイケンキ,ヒヤップ,5,,,,,,,,,
551,Sandile,メグロコ,ランプラー,メブキジカ,ランドロス,5,,,,,,,,,
552,Krokorok,ワルビル,プルリル,トルネロス,ゼブライカ,5,,,,,,,,,
553,Krookodile,ワルビアル,ムーランド,ジャノビー,ヒトモシ,5,,,,,,,,,
554,Darumaka,ダルマッカ,ハーデリア,ランドロス,ドレディア,5,,,,,,,,,
555,Darmanitan,デスカーン,ビリジオン,デンチュラ,カブルモ,5,,,,,,,,,
556,Maractus,マラカッチ,ママンボウ,モノズ,コマタナ,5,,,,,,,,,
557,Dwebble,イシズマイ,マラカッチ,ポカブ,ママンボウ,5,,,,,,,,,
558,Crustle,イワパレス,モグリュー,キュレム,バオッキー,5,,,,,,,,,
559,Scraggy,ズルッグ,ダルマッカ,アーケオス,バルジーナ,5,,,,,,,,,
560,Scrafty,ズルズキン,ギアル,テッシード,ガマガル,5,,,,,,,,,
561,Sigilyph,シンボラー,キュレム,フリージオ,シンボラー,5,,,,,,,,,
562,Yamask,デスマス,チュリネ,ドテッコツ,ワルビル,5,,,,,,,,,
563,Cofagrigus,デスカーン,ズルズキン,ヤブクロン,ゴルーグ,5,,,,,,,,,
564,Tirtouga,プロトーガ,バオッキー,コロモリ,フシデ,5,,,,,,,,,
565,Carracosta,アバゴーラ,シュバルゴ,コバルオン,ゾロアーク,5,,,,,,,,,
566,Archen,アーケン,ポカブ,エルフーン,ワルビアル,5,,,,,,,,,
567,Archeops,アーケオス,ワルビアル,リグレー,モノズ,5,,,,,,,,,
568,Trubbish,ヤブクロン,テラキオン,シャンデラ,ケンホロウ,5,,,,,,,,,
569,Garbodor,ダストダス,ヒヤップ,プロトーガ,ダルマッカ,5,,,,,,,,,
570,Zorua,ゾロア,ヨーテリー,ダンゴロ,シャンデラ,5,,,,,,,,,
571,Zoroark,ゾロアーク,クイタラン,デスカーン,レパルダス,5,,,,,,,,,
572,Minccino,チラーミィ,タマゲタケ,シママ,ウルガモス,5,,,,,,,,,
573,Cinccino,チラチーノ,ゾロア,バイバニラ,シキジカ,5,,,,,,,,,
574,Gothita,ゴチム,モノズ,ママンボウ,ギガイアス,5,,,,,,,,,
575,Gothorita,ゴチミル,ケルディオ,ゼクロム,アーケオス,5,,,,,,,,,
576,Gothitelle,ゴチルゼル,ジャノビー,ドレディア,ナゲキ,5,,,,,,,,,
577,Solosis,ユニラン,ランクルス,ココロモリ,ハトーボー,5,,,,,,,,,
578,Duosion,ダブラン,ゴチルゼル,マラカッチ,チョロネコ,5,,,,,,,,,
579,Reuniclus,ランクルス,ゴビット,シキジカ,バオップ,5,,,,,,,,,
580,Ducklett,コアルヒー,アイアント,ダルマッカ,ユニラン,5,,,,,,,,,
581,Swanna,スワンナ,ミネズミ,メロエッタ,ジャノビー,5,,,,,,,,,
582,Vanillite,バニプッチ,ダストダス,ガントル,キリキザン,5,,,,,,,,,
583,Vanillish,バニリッチ,スワンナ,イシズマイ,メブキジカ,5,,,,,,,,,
584,Vanilluxe,バイバニラ,ペンドラー,ゼブライカ,ホイーガ,5,,,,,,,,,
585,Deerling,シキジカ,ヤナップ,ゲノセクト,ドッコラー,5,,,,,,,,,
586,Sawsbuck,メブキジカ,シンボラー,シビビール,ダゲキ,5,,,,,,,,,
587,Emolga,エモンガ,キリキザン,ヤナッキー,ヨーテリー,5,,,,,,,,,
588,Karrablast,カブルモ,ギギギアル,コアルヒー,バイバニラ,5,,,,,,,,,
589,Escavalier,シュバルゴ,カブルモ,メグロコ,ココロモリ,5,,,,,,,,,
590,Foongus,タマゲタケ,ローブシン,バニリッチ,クイタラン,5,,,,,,,,,
591,Amoonguss,モロバレル,デスカーン,フシデ,シママ,5,,,,,,,,,
592,Frillish,プルリル,ガントル,ワシボン,ギアル,5,,,,,,,,,
593,Jellicent,ブルンゲル,チョボマキ,メラルバ,ランクルス,5,,,,,,,,,
594,Alomomola,ママンボウ,ツタージャ,ギギギアル,デスカーン,5,,,,,,,,,
595,Joltik,バチュル,メブキジカ,スワンナ,クマシュン,5,,,,,,,,,
596,Galvantula,デンチュラ,バスラオ,キリキザン,ヤブクロン,5,,,,,,,,,
597,Ferroseed,テッシード,バイバニラ,ランプラー,コジョンド,5,,,,,,,,,
598,Ferrothorn,ナットレイ,モンメン,マッギョ,アバゴーラ,5,,,,,,,,,
599,Klink,ギアル,アバゴーラ,ワルビル,エモンガ,5,,,,,,,,,
600,Klang,ギギアル,シビルドン,ギガイアス,ツンベアー,5,,,,,,,,,
601,Klinklang,ギギギアル,シャンデラ,アイアント,アイアント,5,,,,,,,,,
602,Tynamo,シビシラス,クリムガン,バオッキー,キバゴ,5,,,,,,,,,
603,Eelektrik,シビビール,メラルバ,ダブラン,チラーミィ,5,,,,,,,,,
604,Eelektross,シビルドン,マッギョ,ユニラン,ギギアル,5,,,,,,,,,
605,Elgyem,リグレー,キバゴ,ケンホロウ,プルリル,5,,,,,,,,,
606,Beheeyem,オーベム,バチュル,ヒヤッキー,ペンドラー,5,,,,,,,,,
607,Litwick,ヒトモシ,シビビール,シュバルゴ,イシズマイ,5,,,,,,,,,
608,Lampent,ランプラー,ワルビル,ローブシン,バチュル,5,,,,,,,,,
609,Chandelure,シャンデラ,ビクティニ,クイタラン,スワンナ,5,,,,,,,,,
610,Axew,キバゴ,シキジカ,フタチマル,シビビール,5,,,,,,,,,
611,Fraxure,オノンド,ミルホッグ,クマシュン,ダンゴロ,5,,,,,,,,,
612,Haxorus,オノノクス,ゲノセクト,ツンベアー,バッフロン,5,,,,,,,,,
613,Cubchoo,クマシュン,ミジュマル,ホイーガ,テラキオン,5,,,,,,,,,
614,Beartic,ツンベアー,チョロネコ,モグリュー,フリージオ,5,,,,,,,,,
615,Cryogonal,フリージオ,ガマガル,ドリュウズ,ガマゲロゲ,5,,,,,,,,,
616,Shelmet,チョボマキ,ゼクロム,アバゴーラ,ウォーグル,5,,,,,,,,,
617,Accelgor,アギルダー,レパルダス,ジヘッド,ミネズミ,5,,,,,,,,,
618,Stunfisk,マッギョ,フリージオ,ムーランド,ゼクロム,5,,,,,,,,,
619,Mienfoo,コジョフー,アーケオス,ミルホッグ,プロトーガ,5,,,,,,,,,
620,Mienshao,コジョンド,ゼブライカ,シンボラー,ヤナッキー,5,,,,,,,,,
621,Druddigon,クリムガン,チラチーノ,ズルッグ,モンメン,5,,,,,,,,,
622,Golett,ゴビット,ウォーグル,チュリネ,ダブラン,5,,,,,,,,,
623,Golurk,ゴルーグ,コロモリ,デスカーン,オーベム,5,,,,,,,,,
624,Pawniard,コマタナ,ケンホロウ,ハトーボー,ドリュウズ,5,,,,,,,,,
625,Bisharp,キリキザン,ムシャーナ,クリムガン,ズルズキン,5,,,,,,,,,
626,Bouffalant,バッフロン,フタチマル,ガマガル,ドテッコツ,5,,,,,,,,,
627,Rufflet,ワシボン,ムンナ,レパルダス,ジヘッド,5,,,,,,,,,
628,Braviary,ウォーグル,バルチャイ,バルジーナ,デスカーン,5,,,,,,,,,
629,Vullaby,バルチャイ,マメパト,テラキオン,ブルンゲル,5,,,,,,,,,
630,Mandibuzz,バルジーナ,ドレディア,サザンドラ,リグレー,5,,,,,,,,,
631,Heatmor,クイタラン,レシラム,バルチャイ,ヤナップ,5,,,,,,,,,
632,Durant,アイアント,テッシード,チョボマキ,ビクティニ,5,,,,,,,,,
633,Deino,モノズ,デンチュラ,ゾロアーク,デンチュラ,5,,,,,,,,,
634,Zweilous,ジヘッド,エンブオー,モロバレル,メラルバ,5,,,,,,,,,
635,Hydreigon,サザンドラ,ズルッグ,バオップ,ゲノセクト,5,,,,,,,,,
636,Larvesta,メラルバ,バッフロン,クルマユ,ミジュマル,5,,,,,,,,,
637,Volcarona,ウルガモス,バニプッチ,チラチーノ,シビルドン,5,,,,,,,,,
638,Cobalion,コバルオン,バオップ,ヨーテリー,バニプッチ,5,,,,,,,,,
639,Terrakion,テラキオン,クルマユ,イワパレス,ダストダス,5,,,,,,,,,
640,Virizion,ビリジオン,オーベム,ゾロア,トルネロス,5,,,,,,,,,
641,Tornadus,トルネロス,クルミル,チョロネコ,エンブオー,5,,,,,,,,,
642,Thundurus,ボルトロス,シママ,キバゴ,ワシボン,5,,,,,,,,,
643,Reshiram,レシラム,ヒヤッキー,ダストダス,ケルディオ,5,,,,,,,,,
644,Zekrom,ゼクロム,メロエッタ,ギアル,ガントル,5,,,,,,,,,
645,Landorus,ランドロス,ダンゴロ,ガマゲロゲ,シュバルゴ,5,,,,,,,,,
646,Kyurem,キュレム,ボルトロス,エモンガ,チュリネ,5,,,,,,,,,
647,Keldeo,ケルディオ,コジョンド,シビシラス,テッシード,5,,,,,,,,,
648,Meloetta,メロエッタ,ウルガモス,オノンド,ツタージャ,5,,,,,,,,,
649,Genesect,ゲノセクト,ゴルーグ,バッフロン,アーケン,5,,,,,,,,,
650,Chespin,ハリマロン,フレフワン,パンプジン,シシコ,6,,,,,,,,,
651,Quilladin,ハリボーグ,ハリマロン,オーロット,デデンネ,6,,,,,,,,,
652,Chesnaught,ブリガロン,クレッフィ,クレベース,フーパ,6,,,,,,,,,
653,Fennekin,フォッコ,カエンジシ,ファイアロー,カエンジシ,6,,,,,,,,,
654,Braixen,テールナー,カメテテ,ヤヤコマ,ボクレー,6,,,,,,,,,
655,Delphox,マフォクシー,フラージェス,トリミアン,ドラミドロ,6,,,,,,,,,
656,Froakie,ケロマツ,ヌメラ,イベルタル,ハリボーグ,6,,,,,,,,,
657,Frogadier,ゲコガシラ,メレシー,ペロッパフ,ガメノデス,6,,,,,,,,,
658,Greninja,ゲッコウガ,ニャオニクス,フラエッテ,カメテテ,6,,,,,,,,,
659,Bunnelby,ホルビー,ケロマツ,エリキテル,ブロスター,6,,,,,,,,,
660,Diggersby,ホルード,コフーライ,メェークル,メェークル,6,,,,,,,,,
661,Fletchling,ヤヤコマ,テールナー,ホルビー,ジガルデ,6,,,,,,,,,
662,Fletchinder,ヒノヤコマ,ヤヤコマ,マーイーカ,イベルタル,6,,,,,,,,,
663,Talonflame,ファイアロー,ジガルデ,マフォクシー,ヒトツキ,6,,,,,,,,,
664,Scatterbug,コフキムシ,ヒトツキ,ガメノデス,ガチゴラス,6,,,,,,,,,
665,Spewpa,コフーライ,ニャスパー,ニャオニクス,テールナー,6,,,,,,,,,
666,Vivillon,ビビヨン,オンバット,テールナー,ゴーゴート,6,,,,,,,,,
667,Litleo,シシコ,オンバーン,ディアンシー,ニンフィア,6,,,,,,,,,
668,Pyroar,カエンジシ,シュシュプ,ヤンチャム,ホルビー,6,,,,,,,,,
669,Flabébé,フラベベ,ホルビー,クレッフィ,ウデッポウ,6,,,,,,,,,
670,Floette,フラエッテ,ホルード,ギルガルド,フォッコ,6,,,,,,,,,
671,Florges,フラージェス,エレザード,ゴーゴート,オンバーン,6,,,,,,,,,
672,Skiddo,メェークル,エリキテル,フーパ,アマルス,6,,,,,,,,,
673,Gogoat,ゴーゴート,バケッチャ,ゲッコウガ,ハリマロン,6,,,,,,,,,
674,Pancham,ヤンチャム,マーイーカ,ケロマツ,クレベース,6,,,,,,,,,
675,Pangoro,ゴロンダ,ゲッコウガ,アマルルガ,クレッフィ,6,,,,,,,,,
676,Furfrou,トリミアン,ニンフィア,ニンフィア,フレフワン,6,,,,,,,,,
677,Espurr,ニャスパー,コフキムシ,ゲコガシラ,アマルルガ,6,,,,,,,,,
678,Meowstic,ニャオニクス,デデンネ,エレザード,ディアンシー,6,,,,,,,,,
679,Honedge,ヒトツキ,ヤンチャム,ブリガロン,ニャオニクス,6,,,,,,,,,
680,Doublade,ニダンギル,ビビヨン,ヌメイル,クズモー,6,,,,,,,,,
681,Aegislash,ギルガルド,オーロット,クズモー,ヌメルゴン,6,,,,,,,,,
682,Spritzee,シュシュプ,アマルルガ,オンバット,コフキムシ,6,,,,,,,,,
683,Aromatisse,フレフワン,ブリガロン,ガチゴラス,フラエッテ,6,,,,,,,,,
684,Swirlix,ペロッパフ,アマルス,ヒノヤコマ,ブリガロン,6,,,,,,,,,
685,Slurpuff,ペロリーム,フラベベ,アマルス,パンプジン,6,,,,,,,,,
686,Inkay,マーイーカ,ペロッパフ,チゴラス,ヌメラ,6,,,,,,,,,
687,Malamar,カラマネロ,ボクレー,ボルケニオン,マーイーカ,6,,,,,,,,,
688,Binacle,カメテテ,ギルガルド,フレフワン,バケッチャ,6,,,,,,,,,
689,Barbaracle,ガメノデス,パンプジン,シシコ,ビビヨン,6,,,,,,,,,
690,Skrelp,クズモー,クレベース,ジガルデ,ゴロンダ,6,,,,,,,,,
691,Dragalge,ドラミドロ,ウデッポウ,ブロスター,ルチャブル,6,,,,,,,,,
692,Clauncher,ウデッポウ,ゼルネアス,フラージェス,ニダンギル,6,,,,,,,,,
693,Clawitzer,ブロスター,ドラミドロ,カチコール,ニャスパー,6,,,,,,,,,
694,Helioptile,エリキテル,ガチゴラス,カメテテ,オーロット,6,,,,,,,,,
695,Heliolisk,エレザード,トリミアン,ニャスパー,マフォクシー,6,,,,,,,,,
696,Tyrunt,チゴラス,シシコ,ゴロンダ,ゼルネアス,6,,,,,,,,,
697,Tyrantrum,ガチゴラス,フーパ,オンバーン,ギルガルド,6,,,,,,,,,
698,Amaura,アマルス,ルチャブル,ヌメルゴン,ホルード,6,,,,,,,,,
699,Aurorus,アマルルガ,カチコール,ハリボーグ,コフーライ,6,,,,,,,,,
700,Sylveon,ニンフィア,フォッコ,ペロリーム,エレザード,6,,,,,,,,,
701,Hawlucha,ルチャブル,ペロリーム,ドラミドロ,ゲコガシラ,6,,,,,,,,,
702,Dedenne,デデンネ,ヒノヤコマ,ウデッポウ,ボルケニオン,6,,,,,,,,,
703,Carbink,メレシー,クズモー,カラマネロ,カラマネロ,6,,,,,,,,,
704,Goomy,ヌメラ,ヌメイル,ヌメラ,ファイアロー,6,,,,,,,,,
705,Sliggoo,ヌメイル,フラエッテ,ニダンギル,フラージェス,6,,,,,,,,,
706,Goodra,ヌメルゴン,イベルタル,バケッチャ,チゴラス,6,,,,,,,,,
707,Klefki,クレッフィ,ゲコガシラ,コフキムシ,フラベベ,6,,,,,,,,,
708,Phantump,ボクレー,ディアンシー,ゼルネアス,メレシー,6,,,,,,,,,
709,Trevenant,オーロット,チゴラス,ビビヨン,ゲッコウガ,6,,,,,,,,,
710,Pumpkaboo,バケッチャ,メェークル,フォッコ,トリミアン,6,,,,,,,,,
711,Gourgeist,パンプジン,ガメノデス,ボクレー,ヌメイル,6,,,,,,,,,
712,Bergmite,カチコール,カラマネロ,ハリマロン,カチコール,6,,,,,,,,,
713,Avalugg,クレベース,ゴーゴート,フラベベ,ヒノヤコマ,6,,,,,,,,,
714,Noibat,オンバット,ニダンギル,ヒトツキ,ヤンチャム,6,,,,,,,,,
715,Noivern,オンバーン,ヌメルゴン,ルチャブル,ヤヤコマ,6,,,,,,,,,
716,Xerneas,ゼルネアス,ボルケニオン,コフーライ,シュシュプ,6,,,,,,,,,
717,Yveltal,イベルタル,ゴロンダ,シュシュプ,ペロッパフ,6,,,,,,,,,
718,Zygarde,ジガルデ,ブロスター,カエンジシ,ケロマツ,6,,,,,,,,,
719,Diancie,ディアンシー,マフォクシー,デデンネ,ペロリーム,6,,,,,,,,,
720,Hoopa,フーパ,ファイアロー,メレシー,エリキテル,6,,,,,,,,,
721,Volcanion,ボルケニオン,ハリボーグ,ホルード,オンバット,6,,,,,,,,,
722,Rowlet,モクロー,ベベノム,マケンカニ,ジャラコ,7,,,,,,,,,
723,Dartrix,フクスロー,ニャヒート,アマージョ,ツンデツンデ,7,,,,,,,,,
724,Decidueye,ジュナイパー,マシェード,デカグース,ルガルガン,7,,,,,,,,,
725,Litten,ニャビー,シルヴァディ,ズガドーン,アマージョ,7,,,,,,,,,
726,Torracat,ニャヒート,ウツロイド,マシェード,デンヂムシ,7,,,,,,,,,
727,Incineroar,ガオガエン,コソクムシ,アゴジムシ,マシェード,7,,,,,,,,,
728,Popplio,アシマリ,マケンカニ,ヨワシ,フクスロー,7,,,,,,,,,
729,Brionne,オシャマリ,ヤングース,フェローチェ,ルナアーラ,7,,,,,,,,,
730,Primarina,アシレーヌ,クワガノン,カミツルギ,コスモッグ,7,,,,,,,,,
731,Pikipek,ツツケラ,バンバドロ,シロデスナ,アシマリ,7,,,,,,,,,
732,Trumbeak,ケララッパ,タイプ：ヌル,カプ・レヒレ,アーゴヨン,7,,,,,,,,,
733,Toucannon,ドデカバシ,ソルガレオ,シルヴァディ,コスモウム,7,,,,,,,,,
734,Yungoos,ヤングース,アママイコ,コソクムシ,ジュナイパー,7,,,,,,,,,
735,Gumshoos,デカグース,ジャランゴ,デンヂムシ,ヨワシ,7,,,,,,,,,
736,Grubbin,アゴジムシ,ツツケラ,コスモウム,アママイコ,7,,,,,,,,,
737,Charjabug,デンヂムシ,スナバァ,アクジキング,アシレーヌ,7,,,,,,,,,
738,Vikavolt,クワガノン,ジャラランガ,ルガルガン,デンジュモク,7,,,,,,,,,
739,Crabrawler,マケンカニ,グソクムシャ,キュワワー,シロデスナ,7,,,,,,,,,
740,Crabominable,ケケンカニ,オドリドリ,メルタン,デカグース,7,,,,,,,,,
741,Oricorio,オドリドリ,ゼラオラ,ケケンカニ,オシャマリ,7,,,,,,,,,
742,Cutiefly,アブリー,デンヂムシ,マッシブーン,ヤングース,7,,,,,,,,,
743,Ribombee,アブリボン,ネマシュ,ルナアーラ,アブリボン,7,,,,,,,,,
744,Rockruff,イワンコ,ヤトウモリ,ヤレユータン,フェローチェ,7,,,,,,,,,
745,Lycanroc,ルガルガン,ミミッキュ,アシマリ,ダダリン,7,,,,,,,,,
746,Wishiwashi,ヨワシ,カプ・テテフ,アブリボン,エンニュート,7,,,,,,,,,
747,Mareanie,ヒドイデ,シロデスナ,ガオガエン,スナバァ,7,,,,,,,,,
748,Toxapex,ドヒドイデ,キュワワー,クワガノン,トゲデマル,7,,,,,,,,,
749,Mudbray,ドロバンコ,エンニュート,アママイコ,マーシャドー,7,,,,,,,,,
750,Mudsdale,バンバドロ,アゴジムシ,ツンデツンデ,ハギギシリ,7,,,,,,,,,
751,Dewpider,シズクモ,ケケンカニ,スナバァ,アマカジ,7,,,,,,,,,
752,Araquanid,オニシズクモ,ナゲツケサル,ヒドイデ,アブリー,7,,,,,,,,,
753,Fomantis,カリキリ,イワンコ,イワンコ,ベベノム,7,,,,,,,,,
754,Lurantis,ラランテス,バクガメス,ジジーロン,メルタン,7,,,,,,,,,
755,Morelull,ネマシュ,テッカグヤ,アシレーヌ,ミミッキュ,7,,,,,,,,,
756,Shiinotic,マシェード,ドロバンコ,トゲデマル,ジジーロン,7,,,,,,,,,
757,Salandit,ヤトウモリ,コスモッグ,バンバドロ,クワガノン,7,,,,,,,,,
758,Salazzle,エンニュート,カプ・レヒレ,ジャラコ,アクジキング,7,,,,,,,,,
759,Stufful,ヌイコグマ,デカグース,カリキリ,カプ・レヒレ,7,,,,,,,,,
760,Bewear,キテルグマ,キテルグマ,エンニュート,グソクムシャ,7,,,,,,,,,
761,Bounsweet,アマカジ,メテノ,アブリー,コソクムシ,7,,,,,,,,,
762,Steenee,アママイコ,ヒドイデ,ニャヒート,バクガメス,7,,,,,,,,,
763,Tsareena,アマージョ,マギアナ,デンジュモク,ネッコアラ,7,,,,,,,,,
764,Comfey,キュワワー,ルガルガン,カプ・ブルル,マケンカニ,7,,,,,,,,,
765,Oranguru,ヤレユータン,アマージョ,グソクムシャ,ネクロズマ,7,,,,,,,,,
766,Passimian,ナゲツケサル,オシャマリ,ラランテス,オドリドリ,7,,,,,,,,,
767,Wimpod,コソクムシ,アシマリ,コスモッグ,アゴジムシ,7,,,,,,,,,
768,Golisopod,グソクムシャ,カプ・コケコ,テッカグヤ,ヌイコグマ,7,,,,,,,,,
769,Sandygast,スナバァ,ヨワシ,オシャマリ,ドデカバシ,7,,,,,,,,,
770,Palossand,シロデスナ,フェローチェ,ヤトウモリ,ドヒドイデ,7,,,,,,,,,
771,Pyukumuku,ナマコブシ,ラランテス,タイプ：ヌル,ゼラオラ,7,,,,,,,,,
772,Type: Null,タイプ：ヌル,ダダリン,ヌイコグマ,カプ・ブルル,7,,,,,,,,,
773,Silvally,シルヴァディ,メルメタル,ドデカバシ,モクロー,7,,,,,,,,,
774,Minior,メテノ,マーシャドー,ゼラオラ,マッシブーン,7,,,,,,,,,
775,Komala,ネッコアラ,アクジキング,ケララッパ,ケケンカニ,7,,,,,,,,,
776,Turtonator,バクガメス,ネッコアラ,アマカジ,ヤレユータン,7,,,,,,,,,
777,Togedemaru,トゲデマル,シズクモ,ミミッキュ,バンバドロ,7,,,,,,,,,
778,Mimikyu,ミミッキュ,ジュナイパー,ジャランゴ,テッカグヤ,7,,,,,,,,,
779,Bruxish,ハギギシリ,メルタン,ハギギシリ,キュワワー,7,,,,,,,,,
780,Drampa,ジジーロン,コスモウム,ツツケラ,マギアナ,7,,,,,,,,,
781,Dhelmise,ダダリン,デンジュモク,メテノ,ケララッパ,7,,,,,,,,,
782,Jangmo-o,ジャラコ,ケララッパ,キテルグマ,ネマシュ,7,,,,,,,,,
783,Hakamo-o,ジャランゴ,ガオガエン,ダダリン,カプ・テテフ,7,,,,,,,,,
784,Kommo-o,ジャラランガ,カプ・ブルル,アーゴヨン,ガオガエン,7,,,,,,,,,
785,Tapu Koko,カプ・コケコ,アマカジ,バクガメス,ラランテス,7,,,,,,,,,
786,Tapu Lele,カプ・テテフ,ルナアーラ,ニャビー,ドロバンコ,7,,,,,,,,,
787,Tapu Bulu,カプ・ブルル,トゲデマル,カプ・コケコ,シズクモ,7,,,,,,,,,
788,Tapu Fini,カプ・レヒレ,アブリボン,ヤングース,ズガドーン,7,,,,,,,,,
789,Cosmog,コスモッグ,ドヒドイデ,マーシャドー,カリキリ,7,,,,,,,,,
790,Cosmoem,コスモウム,アーゴヨン,マギアナ,シルヴァディ,7,,,,,,,,,
791,Solgaleo,ソルガレオ,ナマコブシ,モクロー,イワンコ,7,,,,,,,,,
792,Lunala,ルナアーラ,ツンデツンデ,ドヒドイデ,メルメタル,7,,,,,,,,,
793,Nihilego,ウツロイド,カミツルギ,シズクモ,ヤトウモリ,7,,,,,,,,,
794,Buzzwole,マッシブーン,ネクロズマ,ネクロズマ,ジャランゴ,7,,,,,,,,,
795,Pheromosa,フェローチェ,フクスロー,カプ・テテフ,カプ・コケコ,7,,,,,,,,,
796,Xurkitree,デンジュモク,ヤレユータン,ナゲツケサル,ツツケラ,7,,,,,,,,,
797,Celesteela,テッカグヤ,アシレーヌ,ソルガレオ,ヒドイデ,7,,,,,,,,,
798,Kartana,カミツルギ,ハギギシリ,オニシズクモ,ナマコブシ,7,,,,,,,,,
799,Guzzlord,アクジキング,ヌイコグマ,オドリドリ,ナゲツケサル,7,,,,,,,,,
800,Necrozma,ネクロズマ,ニャビー,フクスロー,メテノ,7,,,,,,,,,
801,Magearna,マギアナ,オニシズクモ,ジャラランガ,ジャラランガ,7,,,,,,,,,
802,,マーシャドー,ドデカバシ,メルメタル,オニシズクモ,7,,,,,,,,,
803,,ベベノム,マッシブーン,ネッコアラ,カミツルギ,7,,,,,,,,,
804,,アーゴヨン,ジャラコ,ナマコブシ,ニャヒート,7,,,,,,,,,
805,,ツンデツンデ,ズガドーン,ウツロイド,ソルガレオ,7,,,,,,,,,
806,,ズガドーン,カリキリ,ベベノム,ニャビー,7,,,,,,,,,
807,,ゼラオラ,アブリー,ネマシュ,タイプ：ヌル,7,,,,,,,,,
808,,メルタン,ジジーロン,ドロバンコ,ウツロイド,7,,,,,,,,,
809,,メルメタル,モクロー,ジュナイパー,キテルグマ,7,,,,,,,,,
810,,サルノリ,ブリザポス,タチフサグマ,タンドン,8,,,,,,,,,
811,,バチンキー,カマスジョー,テブリム,ドロンチ,8,,,,,,,,,
812,,ゴリランダー,ベロバー,ウオチルドン,モルペコ,8,,,,,,,,,
813,,ヒバニー,ウオノラゴン,カムカメ,バチンキー,8,,,,,,,,,
814,,ラビフット,ゴリランダー,ワタシラガ,アオガラス,8,,,,,,,,,
815,,エースバーン,サダイジャ,ザマゼンタ,マルヤクデ,8,,,,,,,,,
816,,メッソン,ラブトロス,サッチムシ,サルノリ,8,,,,,,,,,
817,,ジメレオン,モルペコ,サルノリ,モスノウ,8,,,,,,,,,
818,,インテレオン,デスバーン,ラビフット,バチンウニ,8,,,,,,,,,
819,,ホシガリス,カムカメ,タイレーツ,インテレオン,8,,,,,,,,,
820,,ヨクバリス,ハリーマン,カジッチュ,ニャイキング,8,,,,,,,,,
821,,ココガラ,クスネ,ウッウ,カムカメ,8,,,,,,,,,
822,,アオガラス,ヤバチャ,エレズン,ジメレオン,8,,,,,,,,,
823,,アーマーガア,ウオチルドン,アヤシシ,イダイトウ,8,,,,,,,,,
824,,サッチムシ,ジメレオン,バリコオル,イエッサン,8,,,,,,,,,
825,,レドームシ,ユキハミ,ムゲンダイナ,ココガラ,8,,,,,,,,,
826,,イオルブ,レジエレキ,バチンウニ,バリコオル,8,,,,,,,,,
827,,クスネ,ダクマ,バドレックス,パッチルドン,8,,,,,,,,,
828,,フォクスライ,ワンパチ,オトスパス,ヒバニー,8,,,,,,,,,
829,,ヒメンカ,バサギリ,インテレオン,メッソン,8,,,,,,,,,
830,,ワタシラガ,タチフサグマ,ダイオウドウ,ウオチルドン,8,,,,,,,,,
831,,ウールー,マルヤクデ,ヒバニー,フォクスライ,8,,,,,,,,,
832,,バイウールー,ウーラオス,ユキハミ,イシヘンジン,8,,,,,,,,,
833,,カムカメ,ガチグマ,トロッゴン,ザルード,8,,,,,,,,,
834,,カジリガメ,ドロンチ,ヤバチャ,ラビフット,8,,,,,,,,,
835,,ワンパチ,ワタシラガ,ウーラオス,ヤクデ,8,,,,,,,,,
836,,パルスワン,オーロンゲ,ドラメシヤ,ウーラオス,8,,,,,,,,,
837,,タンドン,レドームシ,ミブリム,ミブリム,8,,,,,,,,,
838,,トロッゴン,ホシガリス,パッチルドン,サニゴーン,8,,,,,,,,,
839,,セキタンザン,コオリッポ,パッチラゴン,オオニューラ,8,,,,,,,,,
840,,カジッチュ,マホイップ,ベロバー,エースバーン,8,,,,,,,,,
841,,アップリュー,タンドン,ホシガリス,タタッコ,8,,,,,,,,,
842,,タルップル,タタッコ,エースバーン,ザシアン,8,,,,,,,,,
843,,スナヘビ,エレズン,ゾウドウ,カジリガメ,8,,,,,,,,,
844,,サダイジャ,ココガラ,ザシアン,ワタシラガ,8,,,,,,,,,
845,,ウッウ,イオルブ,バサギリ,アーマーガア,8,,,,,,,,,
846,,サシカマス,ニャイキング,レイスポス,サッチムシ,8,,,,,,,,,
847,,カマスジョー,ブリムオン,ラブトロス,バイウールー,8,,,,,,,,,
848,,エレズン,バチンウニ,レジエレキ,ヒメンカ,8,,,,,,,,,
849,,ストリンダー,レイスポス,オオニューラ,ゾウドウ,8,,,,,,,,,
850,,ヤクデ,アップリュー,ワンパチ,ポットデス,8,,,,,,,,,
851,,マルヤクデ,ギモー,クスネ,ユキハミ,8,,,,,,,,,
852,,タタッコ,バイウールー,アーマーガア,ワンパチ,8,,,,,,,,,
853,,オトスパス,サシカマス,ジメレオン,クスネ,8,,,,,,,,,
854,,ヤバチャ,モスノウ,イオルブ,ウッウ,8,,,,,,,,,
855,,ポットデス,アオガラス,ブリザポス,レドームシ,8,,,,,,,,,
856,,ミブリム,ネギガナイト,タタッコ,セキタンザン,8,,,,,,,,,
857,,テブリム,ストリンダー,イエッサン,パッチラゴン,8,,,,,,,,,
858,,ブリムオン,ヒバニー,ウールー,ゴリランダー,8,,,,,,,,,
859,,ベロバー,ドラパルト,ヒメンカ,オトスパス,8,,,,,,,,,
860,,ギモー,ポットデス,タルップル,サダイジャ,8,,,,,,,,,
861,,オーロンゲ,ザルード,ドロンチ,ウールー,8,,,,,,,,,
862,,タチフサグマ,タルップル,ウオノラゴン,コオリッポ,8,,,,,,,,,
863,,ニャイキング,オトスパス,アオガラス,バドレックス,8,,,,,,,,,
864,,サニゴーン,ヨクバリス,レドームシ,ネギガナイト,8,,,,,,,,,
865,,ネギガナイト,ムゲンダイナ,マホミル,ドラパルト,8,,,,,,,,,
866,,バリコオル,トロッゴン,タンドン,ムゲンダイナ,8,,,,,,,,,
867,,デスバーン,イシヘンジン,モルペコ,デスバーン,8,,,,,,,,,
868,,マホミル,パッチラゴン,バイウールー,パルスワン,8,,,,,,,,,
869,,マホイップ,イエッサン,レジドラゴ,ブリザポス,8,,,,,,,,,
870,,タイレーツ,パルスワン,ブリムオン,カジッチュ,8,,,,,,,,,
871,,バチンウニ,マホミル,ガチグマ,ヨクバリス,8,,,,,,,,,
872,,ユキハミ,ウッウ,メッソン,イオルブ,8,,,,,,,,,
873,,モスノウ,ゾウドウ,ストリンダー,ガチグマ,8,,,,,,,,,
874,,イシヘンジン,オオニューラ,ダクマ,マホミル,8,,,,,,,,,
875,,コオリッポ,ダイオウドウ,ココガラ,ダイオウドウ,8,,,,,,,,,
876,,イエッサン,レジドラゴ,マホイップ,ハリーマン,8,,,,,,,,,
877,,モルペコ,アーマーガア,オーロンゲ,テブリム,8,,,,,,,,,
878,,ゾウドウ,バチンキー,セキタンザン,ホシガリス,8,,,,,,,,,
879,,ダイオウドウ,カジリガメ,カジリガメ,トロッゴン,8,,,,,,,,,
880,,パッチラゴン,スナヘビ,サシカマス,ザマゼンタ,8,,,,,,,,,
881,,パッチルドン,サニゴーン,ヨクバリス,タチフサグマ,8,,,,,,,,,
882,,ウオノラゴン,ヤクデ,コオリッポ,バサギリ,8,,,,,,,,,
883,,ウオチルドン,インテレオン,モスノウ,ベロバー,8,,,,,,,,,
884,,ジュラルドン,ザマゼンタ,ドラパルト,ジュラルドン,8,,,,,,,,,
885,,ドラメシヤ,ドラメシヤ,イシヘンジン,スナヘビ,8,,,,,,,,,
886,,ドロンチ,テブリム,カマスジョー,エレズン,8,,,,,,,,,
887,,ドラパルト,カジッチュ,ニャイキング,サシカマス,8,,,,,,,,,
888,,ザシアン,ミブリム,パルスワン,アップリュー,8,,,,,,,,,
889,,ザマゼンタ,イダイトウ,サダイジャ,レイスポス,8,,,,,,,,,
890,,ムゲンダイナ,タイレーツ,ポットデス,ウオノラゴン,8,,,,,,,,,
891,,ダクマ,セキタンザン,ギモー,レジドラゴ,8,,,,,,,,,
892,,ウーラオス,パッチルドン,ゴリランダー,ドラメシヤ,8,,,,,,,,,
893,,ザルード,フォクスライ,アップリュー,ラブトロス,8,,,,,,,,,
894,,レジエレキ,バドレックス,ハリーマン,レジエレキ,8,,,,,,,,,
895,,レジドラゴ,バリコオル,ジュラルドン,ブリムオン,8,,,,,,,,,
896,,ブリザポス,ラビフット,ヤクデ,マホイップ,8,,,,,,,,,
897,,レイスポス,ザシアン,ザルード,ダクマ,8,,,,,,,,,
898,,バドレックス,ヒメンカ,スナヘビ,オーロンゲ,8,,,,,,,,,
899,,アヤシシ,エースバーン,デスバーン,ギモー,8,,,,,,,,,
900,,バサギリ,サルノリ,バチンキー,カマスジョー,8,,,,,,,,,
901,,ガチグマ,ウールー,イダイトウ,タイレーツ,8,,,,,,,,,
902,,イダイトウ,ジュラルドン,フォクスライ,ヤバチャ,8,,,,,,,,,
903,,オオニューラ,アヤシシ,ネギガナイト,ストリンダー,8,,,,,,,,,
904,,ハリーマン,サッチムシ,マルヤクデ,タルップル,8,,,,,,,,,
905,,ラブトロス,メッソン,サニゴーン,アヤシシ,8,,,,,,,,,